,date,NO2
0,2022-09-30,4.80883841023401e-05
1,2022-10-01,4.80883841023401e-05
2,2022-10-02,4.80883841023401e-05
3,2022-10-03,4.014433125121286e-05
4,2022-10-04,3.863404926435648e-05
5,2022-10-05,3.71237672775001e-05
6,2022-10-06,3.561348529064372e-05
7,2022-10-07,3.410320330378734e-05
8,2022-10-08,3.571542098060573e-05
9,2022-10-09,5.4591795333180926e-05
10,2022-10-10,5.5063297762759387e-05
11,2022-10-11,4.441537058136543e-05
12,2022-10-12,3.3767443399971474e-05
13,2022-10-13,3.880785649622946e-05
14,2022-10-14,4.124410130706175e-05
15,2022-10-15,4.09537900623036e-05
16,2022-10-16,5.0066507962280106e-05
17,2022-10-17,5.3670428355366714e-05
18,2022-10-18,5.727434874845332e-05
19,2022-10-19,6.087826914153993e-05
20,2022-10-20,5.4233504382258006e-05
21,2022-10-21,4.758873962297609e-05
22,2022-10-22,4.094397486369417e-05
23,2022-10-23,5.842072763092195e-05
24,2022-10-24,4.776272689923644e-05
25,2022-10-25,3.710472616755093e-05
26,2022-10-26,3.6196508750380145e-05
27,2022-10-27,3.528829133320935e-05
28,2022-10-28,3.4380073916038566e-05
29,2022-10-29,3.73430106014935e-05
30,2022-10-30,4.030594728694843e-05
31,2022-10-31,6.167157536967554e-05
32,2022-11-01,4.849953970228348e-05
33,2022-11-02,3.5327504034891416e-05
34,2022-11-03,2.912571585511614e-05
35,2022-11-04,2.615994667899536e-05
36,2022-11-05,3.7727441394963535e-05
37,2022-11-06,3.8645835024325584e-05
38,2022-11-07,3.956422865368763e-05
39,2022-11-08,4.048262228304968e-05
40,2022-11-09,3.703253794336553e-05
41,2022-11-10,3.3582453603681395e-05
42,2022-11-11,3.013236926399725e-05
43,2022-11-12,2.6682284924313106e-05
44,2022-11-13,2.323220058462896e-05
45,2022-11-14,1.978211624494482e-05
46,2022-11-15,2.1852363581139662e-05
47,2022-11-16,2.3922610917334504e-05
48,2022-11-17,2.5992858253529346e-05
49,2022-11-18,2.806310558972419e-05
50,2022-11-19,3.013335292591903e-05
51,2022-11-20,3.2203600262113876e-05
52,2022-11-21,3.4273847598308714e-05
53,2022-11-22,3.634409493450355e-05
54,2022-11-23,3.84143422706984e-05
55,2022-11-24,3.6548377540050434e-05
56,2022-11-25,3.468241280940247e-05
57,2022-11-26,3.281644807875451e-05
58,2022-11-27,3.095048334810655e-05
59,2022-11-28,2.9084518617458584e-05
60,2022-11-29,2.721855388681062e-05
61,2022-11-30,2.535258915616266e-05
62,2022-12-01,9.291620153817348e-05
63,2022-12-02,7.995709594979416e-05
64,2022-12-03,6.699799036141485e-05
65,2022-12-04,5.403888477303553e-05
66,2022-12-05,4.107977918465621e-05
67,2022-12-06,2.8120673596276903e-05
68,2022-12-07,4.383843810905496e-05
69,2022-12-08,3.1868569143019464e-05
70,2022-12-09,3.3079036029448616e-05
71,2022-12-10,5.216735446773437e-05
72,2022-12-11,2.3326692354904328e-05
73,2022-12-12,3.330099201882738e-05
74,2022-12-13,4.219145978368033e-05
75,2022-12-14,4.109745471699474e-05
76,2022-12-15,6.875517296326247e-05
77,2022-12-16,5.789591502475721e-05
78,2022-12-17,4.703665708625195e-05
79,2022-12-18,3.617739914774668e-05
80,2022-12-19,3.849021187563313e-05
81,2022-12-20,4.080302460351959e-05
82,2022-12-21,4.010860619232784e-05
83,2022-12-22,3.969555520435031e-05
84,2022-12-23,3.9282504216372784e-05
85,2022-12-24,3.8869453228395254e-05
86,2022-12-25,3.8456402240417724e-05
87,2022-12-26,3.8043351252440194e-05
88,2022-12-27,3.763030026446267e-05
89,2022-12-28,3.721724927648514e-05
90,2022-12-29,3.37060481494215e-05
91,2022-12-30,3.0194847022357864e-05
92,2022-12-31,2.6683645895294224e-05
93,2023-01-01,2.3172444768230588e-05
94,2023-01-02,1.9661243641166948e-05
95,2023-01-03,1.926102595461998e-05
96,2023-01-04,4.352810817810958e-05
97,2023-01-05,3.035022708555234e-05
98,2023-01-06,2.171748965338338e-05
99,2023-01-07,2.8602438509677024e-05
100,2023-01-08,5.847069526983736e-05
101,2023-01-09,5.419104101683683e-05
102,2023-01-10,4.991138676383631e-05
103,2023-01-11,4.781787198050053e-05
104,2023-01-12,4.744668840430677e-05
105,2023-01-13,6.942005539282323e-05
106,2023-01-14,4.63857735527339e-05
107,2023-01-15,3.4519416052110806e-05
108,2023-01-16,3.509090441054598e-05
109,2023-01-17,3.5103827804641105e-05
110,2023-01-18,3.511675119873623e-05
111,2023-01-19,3.0809799936124166e-05
112,2023-01-20,2.6502848673512096e-05
113,2023-01-21,3.3091992174867925e-05
114,2023-01-22,3.968113567622375e-05
115,2023-01-23,4.6270279177579575e-05
116,2023-01-24,4.2584047284276854e-05
117,2023-01-25,3.889781539097413e-05
118,2023-01-26,3.521158349767142e-05
119,2023-01-27,3.1525351604368695e-05
120,2023-01-28,2.7839119711065973e-05
121,2023-01-29,2.4152887817763254e-05
122,2023-01-30,2.6089811936716693e-05
123,2023-01-31,2.8026736055670135e-05
124,2023-02-01,3.617004726534519e-05
125,2023-02-02,4.431335847502024e-05
126,2023-02-03,4.059795107671314e-05
127,2023-02-04,3.688254367840603e-05
128,2023-02-05,3.316713628009893e-05
129,2023-02-06,2.273256298697864e-05
130,2023-02-07,3.189573787191572e-05
131,2023-02-08,4.1058912756852806e-05
132,2023-02-09,4.211412181120977e-05
133,2023-02-10,4.3169330865566735e-05
134,2023-02-11,4.42245399199237e-05
135,2023-02-12,4.5279748974280665e-05
136,2023-02-13,3.708698386617471e-05
137,2023-02-14,4.010960583400447e-05
138,2023-02-15,3.762291497366732e-05
139,2023-02-16,3.513622411333017e-05
140,2023-02-17,3.2649533252993024e-05
141,2023-02-18,3.0162842392655875e-05
142,2023-02-19,2.8010523844083465e-05
143,2023-02-20,4.681642916265821e-05
144,2023-02-21,2.6556762522886858e-05
145,2023-02-22,2.861821271568153e-05
146,2023-02-23,3.575437585823238e-05
147,2023-02-24,3.426178745939979e-05
148,2023-02-25,2.4048368345575e-05
149,2023-02-26,2.5461414922835716e-05
150,2023-02-27,2.687446150009643e-05
151,2023-02-28,2.8287508077357146e-05
152,2023-03-01,2.9700554654617862e-05
153,2023-03-02,3.111360123187858e-05
154,2023-03-03,3.252664780913929e-05
155,2023-03-04,1.4564880643774814e-05
156,2023-03-05,3.466488548535077e-05
157,2023-03-06,3.510376365738921e-05
158,2023-03-07,6.558954191859812e-05
159,2023-03-08,4.173452413981847e-05
160,2023-03-09,4.317266625135248e-05
161,2023-03-10,3.2755914541363986e-05
162,2023-03-11,4.758493781303736e-05
163,2023-03-12,4.241965195563223e-05
164,2023-03-13,2.3423405799314005e-05
165,2023-03-14,3.584171913860787e-05
166,2023-03-15,2.2630441704181564e-05
167,2023-03-16,2.927324513965969e-05
168,2023-03-17,3.80943196692637e-05
169,2023-03-18,3.149432423015242e-05
170,2023-03-19,2.330907180083029e-05
171,2023-03-20,2.351161122372398e-05
172,2023-03-21,2.371415064661767e-05
173,2023-03-22,3.925494068177861e-05
174,2023-03-23,5.9563846266626015e-05
175,2023-03-24,6.347333510348108e-05
176,2023-03-25,6.71675916237291e-05
177,2023-03-26,7.15698776427113e-05
178,2023-03-27,7.597216366169353e-05
179,2023-03-28,7.39514247037559e-05
180,2023-03-29,7.193068574581827e-05
181,2023-03-30,6.990994678788065e-05
182,2023-03-31,6.788920782994302e-05
183,2023-04-01,6.586846887200539e-05
184,2023-04-02,3.362605240695035e-05
185,2023-04-03,4.8846883873920885e-05
186,2023-04-04,2.980350756034669e-05
187,2023-04-05,9.198404586641118e-05
188,2023-04-06,7.211117901368363e-05
189,2023-04-07,5.223831216095608e-05
190,2023-04-08,6.343788048806822e-05
191,2023-04-09,3.757771557704675e-05
192,2023-04-10,3.1132326137943745e-05
193,2023-04-11,2.468693669884074e-05
194,2023-04-12,4.574026890969392e-05
195,2023-04-13,4.152346068518572e-05
196,2023-04-14,3.730665246067751e-05
197,2023-04-15,4.606262154993601e-05
198,2023-04-16,6.621084830840118e-05
199,2023-04-17,5.280415156118e-05
200,2023-04-18,2.6905144596713472e-05
201,2023-04-19,3.209565915085477e-05
202,2023-04-20,3.0211113467933165e-05
203,2023-04-21,2.8326567785011562e-05
204,2023-04-22,2.6442022102089956e-05
205,2023-04-23,1.9693527403742724e-05
206,2023-04-24,2.268879184557637e-05
207,2023-04-25,2.7416711492726477e-05
208,2023-04-26,2.164515845994602e-05
209,2023-04-27,2.884500524184356e-05
210,2023-04-28,5.201448319977234e-05
211,2023-04-29,3.842953673070455e-05
212,2023-04-30,2.4844590261636767e-05
213,2023-05-01,2.4968336028426783e-05
214,2023-05-02,2.360832000444394e-05
215,2023-05-03,2.9528060003166443e-05
216,2023-05-04,2.7076626273420903e-05
217,2023-05-05,3.111083339414715e-05
218,2023-05-06,4.05083982210878e-05
219,2023-05-07,3.648461539082096e-05
220,2023-05-08,2.803163802540935e-05
221,2023-05-09,2.750532650029333e-05
222,2023-05-10,2.6979014975177304e-05
223,2023-05-11,2.645270345006128e-05
224,2023-05-12,2.592639192494526e-05
225,2023-05-13,3.8981809666438494e-05
226,2023-05-14,4.813012298615397e-05
227,2023-05-15,5.935128683631774e-05
228,2023-05-16,5.1940043704235e-05
229,2023-05-17,6.280399183571503e-05
230,2023-05-18,3.530519640359368e-05
231,2023-05-19,5.351290584823456e-05
232,2023-05-20,3.8831822565749016e-05
233,2023-05-21,2.926091028897719e-05
234,2023-05-22,3.60480889109264e-05
235,2023-05-23,6.178974597233996e-05
236,2023-05-24,3.247711178193306e-05
237,2023-05-25,4.410381762472053e-05
238,2023-05-26,3.778052447085763e-05
239,2023-05-27,5.496713611348749e-05
240,2023-05-28,5.0267114784219305e-05
241,2023-05-29,3.503446269961488e-05
242,2023-05-30,3.0306314876762204e-05
243,2023-05-31,4.704184657941592e-05
244,2023-06-01,3.3266673663278274e-05
245,2023-06-02,4.239226707016185e-05
246,2023-06-03,5.284992407507074e-05
247,2023-06-04,4.176447404865434e-05
248,2023-06-05,4.316892074712087e-05
249,2023-06-06,4.163350450139463e-05
250,2023-06-07,4.819675354044694e-05
251,2023-06-08,5.236851816613237e-05
252,2023-06-09,4.988584162895898e-05
253,2023-06-10,5.289215016546223e-05
254,2023-06-11,2.37987349880342e-05
255,2023-06-12,3.807556579570757e-05
256,2023-06-13,4.609809081518071e-05
257,2023-06-14,2.966061275605616e-05
258,2023-06-15,4.44248904451732e-05
259,2023-06-16,5.487561175805452e-05
260,2023-06-17,3.848329188072892e-05
261,2023-06-18,2.458642448946843e-05
262,2023-06-19,5.143793718960341e-05
263,2023-06-20,6.486959566245787e-05
264,2023-06-21,5.5627875339910935e-05
265,2023-06-22,4.8710398630191776e-05
266,2023-06-23,3.002986782770937e-05
267,2023-06-24,5.468366228398031e-05
268,2023-06-25,4.05476451252231e-05
269,2023-06-26,5.697735201358548e-05
270,2023-06-27,4.957144786506736e-05
271,2023-06-28,4.609015741152689e-05
272,2023-06-29,3.292584771866371e-05
273,2023-06-30,4.559036768534077e-05
274,2023-07-01,3.688474774847877e-05
275,2023-07-02,6.042965625446024e-05
276,2023-07-03,6.0805040962093145e-05
277,2023-07-04,6.513183507195208e-05
278,2023-07-05,3.697683203664264e-05
279,2023-07-06,3.96512980881633e-05
280,2023-07-07,7.968197132868227e-05
281,2023-07-08,5.0165138270585884e-05
282,2023-07-09,2.0648305212489505e-05
283,2023-07-10,5.119428586017181e-05
284,2023-07-11,6.056735669517366e-05
285,2023-07-12,0.0001000086517799028
286,2023-07-13,7.683317505181644e-05
287,2023-07-14,4.158182289228857e-05
288,2023-07-15,3.900388272144952e-05
289,2023-07-16,4.712718911928517e-05
290,2023-07-17,4.1422196356203735e-05
291,2023-07-18,4.325227402140237e-05
292,2023-07-19,3.252365107592985e-05
293,2023-07-20,8.460453782576297e-05
294,2023-07-21,7.877769314204453e-05
295,2023-07-22,3.718739057187625e-05
296,2023-07-23,3.406681157592138e-05
297,2023-07-24,3.180935479521191e-05
298,2023-07-25,4.238356563118508e-05
299,2023-07-26,3.954468775191344e-05
300,2023-07-27,4.6001110158798914e-05
301,2023-07-28,4.0946658619607966e-05
302,2023-07-29,3.326983218060804e-05
303,2023-07-30,2.878805193888737e-05
304,2023-07-31,2.396380125214726e-05
305,2023-08-01,1.9556046115414774e-05
306,2023-08-02,2.6402343089158577e-05
307,2023-08-03,3.376764890367203e-05
308,2023-08-04,3.6697378810559815e-05
309,2023-08-05,4.252121701084638e-05
310,2023-08-06,1.749289389854126e-05
311,2023-08-07,3.215227348029694e-05
312,2023-08-08,3.4424042864207254e-05
313,2023-08-09,3.3028506642986776e-05
314,2023-08-10,3.365463098671558e-05
315,2023-08-11,5.9647637562891255e-05
316,2023-08-12,4.284376600913848e-05
317,2023-08-13,2.6358879049625172e-05
318,2023-08-14,3.671015027699152e-05
319,2023-08-15,4.4746564220318126e-05
320,2023-08-16,3.784862336884699e-05
321,2023-08-17,4.034481467637566e-05
322,2023-08-18,3.492435044268433e-05
323,2023-08-19,3.823287075573141e-05
324,2023-08-20,2.494168112813592e-05
325,2023-08-21,4.3650435089853554e-05
326,2023-08-22,3.090071203011891e-05
327,2023-08-23,3.867591038549424e-05
328,2023-08-24,3.635017282602125e-05
329,2023-08-25,3.731719780076599e-05
330,2023-08-26,3.743319997583773e-05
331,2023-08-27,4.239823503540233e-05
332,2023-08-28,2.997685248596916e-05
333,2023-08-29,4.3038291699545246e-05
334,2023-08-30,2.8166717277840968e-05
335,2023-08-31,3.594862117060242e-05
336,2023-09-01,4.032155180650488e-05
337,2023-09-02,3.209423479978684e-05
338,2023-09-03,2.93211700483546e-05
339,2023-09-04,3.8775965076267165e-05
340,2023-09-05,2.5894242241975007e-05
341,2023-09-06,4.658081721381199e-05
342,2023-09-07,6.695179596742189e-05
343,2023-09-08,5.146691975304358e-05
344,2023-09-09,5.13273563989728e-05
345,2023-09-10,3.158136335941333e-05
346,2023-09-11,2.1995428502795335e-05
347,2023-09-12,4.240664570716035e-05
348,2023-09-13,3.322490913758104e-05
349,2023-09-14,3.804844067524434e-05
350,2023-09-15,3.141441605720854e-05
351,2023-09-16,1.8228043677017737e-05
352,2023-09-17,3.345920204419936e-05
353,2023-09-18,4.717606881448384e-05
354,2023-09-19,5.424166767242193e-05
355,2023-09-20,5.122789596685041e-05
356,2023-09-21,4.686497393368901e-05
357,2023-09-22,4.505351096833527e-05
358,2023-09-23,2.773888450157793e-05
359,2023-09-24,2.6465747683984345e-05
360,2023-09-25,3.701753843188271e-05
361,2023-09-26,3.107357443528896e-05
362,2023-09-27,2.4527073000339142e-05
363,2023-09-28,2.491489884013557e-05
364,2023-09-29,3.0990865571784894e-05
365,2023-09-30,3.9734526061303245e-05
366,2023-10-01,3.72037320820103e-05
367,2023-10-02,4.209075558144238e-05
368,2023-10-03,3.92172750371569e-05
369,2023-10-04,2.694833793888709e-05
370,2023-10-05,2.7123085564365896e-05
371,2023-10-06,2.7326315273744607e-05
372,2023-10-07,3.2621736028552415e-05
373,2023-10-08,1.866451586874045e-05
374,2023-10-09,2.996717859453068e-05
375,2023-10-10,4.090756832889989e-05
376,2023-10-11,3.052432982388252e-05
377,2023-10-12,2.262535262699964e-05
378,2023-10-13,3.70750400105287e-05
379,2023-10-14,2.132782281812385e-05
380,2023-10-15,1.7233730739008023e-05
381,2023-10-16,2.808286858743621e-05
382,2023-10-17,3.1364268264097724e-05
383,2023-10-18,2.9071036360805083e-05
384,2023-10-19,3.051511718082593e-05
385,2023-10-20,3.350438899880308e-05
386,2023-10-21,4.182501941947837e-05
387,2023-10-22,3.9192138984264825e-05
388,2023-10-23,3.8372971305631965e-05
389,2023-10-24,3.5422225020435384e-05
390,2023-10-25,2.980150621828661e-05
391,2023-10-26,4.616723278132315e-05
392,2023-10-27,3.385811396583449e-05
393,2023-10-28,2.890287270224225e-05
394,2023-10-29,3.79734526121661e-05
395,2023-10-30,3.126389169572539e-05
396,2023-10-31,4.657636960399365e-05
397,2023-11-01,4.920156415933814e-05
398,2023-11-02,2.965213281306799e-05
399,2023-11-03,2.6269604950151227e-05
400,2023-11-04,2.288707708723446e-05
401,2023-11-05,1.9504549224317696e-05
402,2023-11-06,3.1059429008508936e-05
403,2023-11-07,5.545431764630848e-05
404,2023-11-08,6.6545730226849e-05
405,2023-11-09,5.682373133216364e-05
406,2023-11-10,4.13491765184084e-05
407,2023-11-11,3.837189771978433e-05
408,2023-11-12,3.539461892116026e-05
409,2023-11-13,3.707432611879492e-05
410,2023-11-14,4.497715484348544e-05
411,2023-11-15,3.516505803418113e-05
412,2023-11-16,7.36409430828644e-05
413,2023-11-17,0.0001976334328488024
414,2023-11-18,6.785599996474934e-05
415,2023-11-19,4.1977799992309886e-05
416,2023-11-20,4.3473864063040914e-05
417,2023-11-21,2.708575859363312e-05
418,2023-11-22,2.351172113890243e-05
419,2023-11-23,4.3355687583159104e-05
420,2023-11-24,5.335920021504655e-05
421,2023-11-25,6.3362712846934e-05
422,2023-11-26,7.336622547882143e-05
423,2023-11-27,6.464971193054225e-05
424,2023-11-28,5.7797523336846314e-05
425,2023-11-29,5.094533474315038e-05
426,2023-11-30,4.379487898787422e-05
427,2023-12-01,3.371892720631302e-05
428,2023-12-02,2.3642975424751822e-05
429,2023-12-03,1.3567023643190623e-05
430,2023-12-04,2.8659388335285798e-05
431,2023-12-05,4.375175302738097e-05
432,2023-12-06,3.261609617766226e-05
433,2023-12-07,6.257587000587152e-05
434,2023-12-08,5.767234174056974e-05
435,2023-12-09,5.276881347526796e-05
436,2023-12-10,5.204557549274926e-05
437,2023-12-11,5.132233751023055e-05
438,2023-12-12,5.895835092815105e-05
439,2023-12-13,5.919513908559787e-05
440,2023-12-14,5.943192724304468e-05
441,2023-12-15,5.9668715400491504e-05
442,2023-12-16,5.9905503557938325e-05
443,2023-12-17,5.7246161159127954e-05
444,2023-12-18,6.143080449524299e-05
445,2023-12-19,6.764899673073206e-05
446,2023-12-20,4.805560092790984e-05
447,2023-12-21,5.527229356031479e-05
448,2023-12-22,4.464620617321035e-05
449,2023-12-23,5.3586401383440447e-05
450,2023-12-24,4.285129504817788e-05
451,2023-12-25,3.827833524744798e-05
452,2023-12-26,3.3705375446718084e-05
453,2023-12-27,5.677418721461436e-05
454,2023-12-28,2.552085820184402e-05
455,2023-12-29,4.466723298126295e-05
456,2023-12-30,3.5182786276614614e-05
457,2023-12-31,2.428038023286457e-05
458,2024-01-01,3.320334236796988e-05
459,2024-01-02,4.212630450307518e-05
460,2024-01-03,3.540927789861764e-05
461,2024-01-04,2.8692251294160088e-05
462,2024-01-05,4.640746480314798e-05
463,2024-01-06,5.206059065838215e-05
464,2024-01-07,5.771371651361632e-05
465,2024-01-08,6.336684236885048e-05
466,2024-01-09,5.069537466904596e-05
467,2024-01-10,7.72964429353155e-05
468,2024-01-11,6.108889312599785e-05
469,2024-01-12,2.2656456294075615e-05
470,2024-01-13,4.089778295666393e-05
471,2024-01-14,5.12711510130733e-05
472,2024-01-15,3.667886107273767e-05
473,2024-01-16,2.208657113240204e-05
474,2024-01-17,2.2823408153854896e-05
475,2024-01-18,2.3560245175307748e-05
476,2024-01-19,2.4297082196760603e-05
477,2024-01-20,2.5033919218213458e-05
478,2024-01-21,1.8757786887135807e-05
479,2024-01-22,3.424273333318221e-05
480,2024-01-23,3.335044727139599e-05
481,2024-01-24,3.245816120960976e-05
482,2024-01-25,3.156587514782354e-05
483,2024-01-26,7.816092693246901e-05
484,2024-01-27,3.046163197318997e-05
485,2024-01-28,3.455422418280957e-05
486,2024-01-29,3.864681639242917e-05
487,2024-01-30,5.00938702316489e-05
488,2024-01-31,3.0896498458332644e-05
489,2024-02-01,7.024000660749152e-05
490,2024-02-02,4.642644229794054e-05
491,2024-02-03,4.437580104249286e-05
492,2024-02-04,4.232515978704517e-05
493,2024-02-05,3.035850522792316e-05
494,2024-02-06,4.414580331892164e-05
495,2024-02-07,3.778957760327741e-05
496,2024-02-08,3.143335188763318e-05
497,2024-02-09,2.507712617198894e-05
498,2024-02-10,3.5467549567923786e-05
499,2024-02-11,4.585797296385863e-05
500,2024-02-12,3.44462623615982e-05
501,2024-02-13,3.5081516125501365e-05
502,2024-02-14,3.849116736235278e-05
503,2024-02-15,4.190081859920419e-05
504,2024-02-16,4.93151273985859e-05
505,2024-02-17,3.726036601093304e-05
506,2024-02-18,2.7887769564668734e-05
507,2024-02-19,4.23692237947964e-05
508,2024-02-20,3.691051885349831e-05
509,2024-02-21,4.4074619513741066e-05
510,2024-02-22,3.793687483266695e-05
511,2024-02-23,3.9989563553414586e-05
512,2024-02-24,4.204225227416222e-05
513,2024-02-25,4.4094940994909856e-05
514,2024-02-26,4.614762971565749e-05
515,2024-02-27,5.104812539527835e-05
516,2024-02-28,4.283157841562459e-05
517,2024-02-29,3.461503143597083e-05
518,2024-03-01,2.639848445631707e-05
519,2024-03-02,5.419210719992407e-05
520,2024-03-03,4.209259012506144e-05
521,2024-03-04,3.592507209759788e-05
522,2024-03-05,3.3862662278876924e-05
523,2024-03-06,6.688786470476771e-05
524,2024-03-07,5.367326171835885e-05
525,2024-03-08,5.013872008643566e-05
526,2024-03-09,4.5022751746865085e-05
527,2024-03-10,3.99067834072945e-05
528,2024-03-11,3.479081506772392e-05
529,2024-03-12,2.9674846728153342e-05
530,2024-03-13,2.455887838858276e-05
531,2024-03-14,1.9442910049012183e-05
532,2024-03-15,1.43269417094416e-05
533,2024-03-16,2.8315126158033943e-05
534,2024-03-17,1.9284070731373504e-05
535,2024-03-18,2.8780395617407824e-05
536,2024-03-19,3.0629336985536305e-05
537,2024-03-20,3.6882984222756935e-05
538,2024-03-21,4.826653275813442e-05
539,2024-03-22,4.215574505603096e-05
540,2024-03-23,4.19613978353892e-05
541,2024-03-24,4.176705061474743e-05
542,2024-03-25,4.1079872145848424e-05
543,2024-03-26,4.039269367694942e-05
544,2024-03-27,5.132928815916838e-05
545,2024-03-28,4.182512243039869e-05
546,2024-03-29,3.2320956701629e-05
547,2024-03-30,3.380592476410462e-05
548,2024-03-31,2.065915749391514e-05
549,2024-04-01,2.7239196514938658e-05
550,2024-04-02,3.3819235535962176e-05
551,2024-04-03,4.040100797599576e-05
552,2024-04-04,5.984124436508864e-05
553,2024-04-05,4.715143846364559e-05
554,2024-04-06,5.504266462392277e-05
555,2024-04-07,1.983355832635425e-05
556,2024-04-08,1.9518606292806977e-05
557,2024-04-09,2.0800299399781623e-05
558,2024-04-10,2.2081992506756273e-05
559,2024-04-11,2.336368561373092e-05
560,2024-04-12,2.4140472628313283e-05
561,2024-04-13,2.177906896273877e-05
562,2024-04-14,2.8873431542056744e-05
563,2024-04-15,3.24273351384847e-05
564,2024-04-16,3.194207751314538e-05
565,2024-04-17,3.2802131983429653e-05
566,2024-04-18,3.366218645371393e-05
567,2024-04-19,2.49019869665879e-05
568,2024-04-20,2.9411750458574695e-05
569,2024-04-21,3.358951454285897e-05
570,2024-04-22,3.776727862714324e-05
571,2024-04-23,3.905953635694459e-05
572,2024-04-24,3.277270280155207e-05
573,2024-04-25,2.6485869246159564e-05
574,2024-04-26,2.0199035690767047e-05
575,2024-04-27,2.5024228084568715e-05
576,2024-04-28,2.88455296552512e-05
577,2024-04-29,5.13701420019178e-05
578,2024-04-30,2.9268667305509456e-05
579,2024-05-01,3.1022585832887466e-05
580,2024-05-02,4.907902355004874e-05
581,2024-05-03,6.113933341111988e-05
582,2024-05-04,4.324710235695503e-05
583,2024-05-05,4.428625037261929e-05
584,2024-05-06,5.550767172081112e-05
585,2024-05-07,3.460719554656249e-05
586,2024-05-08,3.477954429932075e-05
587,2024-05-09,2.797600566911105e-05
588,2024-05-10,1.792092315883294e-05
589,2024-05-11,2.9299128666990533e-05
590,2024-05-12,2.1492736091111472e-05
591,2024-05-13,3.4731877952495145e-05
592,2024-05-14,4.4161056476613424e-05
593,2024-05-15,2.9716115431237626e-05
594,2024-05-16,3.610701573312066e-05
595,2024-05-17,2.766758719170615e-05
596,2024-05-18,2.766806366188185e-05
597,2024-05-19,3.0631438510846983e-05
598,2024-05-20,3.48600384610591e-05
599,2024-05-21,3.832434686046327e-05
600,2024-05-22,4.3333128465187307e-05
601,2024-05-23,4.457952292113987e-05
602,2024-05-24,2.640976240905325e-05
603,2024-05-25,5.525661636056612e-05
604,2024-05-26,3.665442141532872e-05
605,2024-05-27,3.278854439152067e-05
606,2024-05-28,2.195697242256001e-05
607,2024-05-29,2.2851675756404195e-05
608,2024-05-30,3.972539902211533e-05
609,2024-05-31,2.317651859337512e-05
610,2024-06-01,3.925109710359479e-05
611,2024-06-02,3.076840870822447e-05
612,2024-06-03,5.516460487342556e-05
613,2024-06-04,3.990249580627194e-05
614,2024-06-05,5.383780670534769e-05
615,2024-06-06,3.485789752909225e-05
616,2024-06-07,5.977362318244946e-05
617,2024-06-08,3.996087616542354e-05
618,2024-06-09,1.8315201259611055e-05
619,2024-06-10,3.231015454025046e-05
620,2024-06-11,2.757994169936568e-05
621,2024-06-12,4.504312999580923e-05
622,2024-06-13,7.736964241638289e-05
623,2024-06-14,3.350479212378176e-05
624,2024-06-15,2.837652797905963e-05
625,2024-06-16,2.3248263834337497e-05
626,2024-06-17,2.3916823330694115e-05
627,2024-06-18,2.4585382827050733e-05
628,2024-06-19,4.387506257388646e-05
629,2024-06-20,3.716081794534277e-05
630,2024-06-21,4.266830962608635e-05
631,2024-06-22,4.845478281367832e-05
632,2024-06-23,4.9382844539662625e-05
633,2024-06-24,5.031090626564693e-05
634,2024-06-25,5.1238967991631234e-05
635,2024-06-26,3.4563942567821903e-05
636,2024-06-27,2.573921476785775e-05
637,2024-06-28,2.6415903731604983e-05
638,2024-06-29,4.105853886172479e-05
639,2024-06-30,8.370960145279801e-05
640,2024-07-01,3.924425371743772e-05
641,2024-07-02,3.586264391724027e-05
642,2024-07-03,3.2481034117042826e-05
643,2024-07-04,2.9099424316845383e-05
644,2024-07-05,2.5717814516647937e-05
645,2024-07-06,2.6941673333604573e-05
646,2024-07-07,3.374246944076731e-05
647,2024-07-08,4.254986832049636e-05
648,2024-07-09,3.711191054227381e-05
649,2024-07-10,4.613800414834101e-05
650,2024-07-11,5.101989596109239e-05
651,2024-07-12,4.861734633659184e-05
652,2024-07-13,4.349985793732744e-05
653,2024-07-14,4.011827541591852e-05
654,2024-07-15,9.727058984156298e-05
655,2024-07-16,6.328420248773539e-05
656,2024-07-17,2.978876783549358e-05
657,2024-07-18,3.086212306549655e-05
658,2024-07-19,4.584851289261375e-05
659,2024-07-20,3.774949118451332e-05
660,2024-07-21,4.1230646231616406e-05
661,2024-07-22,4.368032433394918e-05
662,2024-07-23,5.034311528250232e-05
663,2024-07-24,5.354648933811964e-05
664,2024-07-25,4.354948670916943e-05
665,2024-07-26,3.475515022357137e-05
666,2024-07-27,2.943980442588717e-05
667,2024-07-28,3.7218826097766096e-05
668,2024-07-29,3.285989697071107e-05
669,2024-07-30,4.274399494382427e-05
670,2024-07-31,3.197264350648989e-05
671,2024-08-01,2.1631377455001134e-05
672,2024-08-02,3.822425637457743e-05
673,2024-08-03,3.2057527978186414e-05
674,2024-08-04,4.004648662885302e-05
675,2024-08-05,4.317327365038646e-05
676,2024-08-06,4.4580515257584175e-05
677,2024-08-07,6.563443073698888e-05
678,2024-08-08,4.531278864305932e-05
679,2024-08-09,3.8845414583564126e-05
680,2024-08-10,3.908182583361441e-05
681,2024-08-11,2.8666231028569684e-05
682,2024-08-12,3.122279919084531e-05
683,2024-08-13,3.3779367353120934e-05
684,2024-08-14,3.5850829381918935e-05
685,2024-08-15,6.824887681836522e-05
686,2024-08-16,3.972260536993046e-05
687,2024-08-17,3.4347725793813134e-05
688,2024-08-18,3.615554224055888e-05
689,2024-08-19,3.583081684619359e-05
690,2024-08-20,4.10921628901299e-05
691,2024-08-21,3.92290055932957e-05
692,2024-08-22,3.183984362165955e-05
693,2024-08-23,2.44506816500234e-05
694,2024-08-24,6.202169868967843e-05
695,2024-08-25,2.591092851389476e-05
696,2024-08-26,4.226841845896464e-05
697,2024-08-27,6.756417886728221e-05
698,2024-08-28,6.35178150199957e-05
699,2024-08-29,5.947145117270919e-05
700,2024-08-30,4.001881480151645e-05
701,2024-08-31,5.122018829956223e-05
702,2024-09-01,2.655122013741427e-05
703,2024-09-02,2.7623221047265574e-05
704,2024-09-03,3.3454854075193444e-05
705,2024-09-04,2.170777866545092e-05
706,2024-09-05,3.260494838973593e-05
707,2024-09-06,3.253642731875998e-05
708,2024-09-07,2.589851648773053e-05
709,2024-09-08,3.0480772238661306e-05
710,2024-09-09,3.711222606480905e-05
711,2024-09-10,1.807053157184176e-05
712,2024-09-11,4.6885850379525934e-05
713,2024-09-12,3.6811448845416025e-05
714,2024-09-13,4.486119627124045e-05
715,2024-09-14,4.1987835216290975e-05
716,2024-09-15,3.682000216132211e-05
717,2024-09-16,4.4622727246485953e-05
718,2024-09-17,4.612975503319335e-05
719,2024-09-18,5.924041897742427e-05
720,2024-09-19,8.522675747776197e-05
721,2024-09-20,3.357532491742061e-05
722,2024-09-21,3.156842027534849e-05
723,2024-09-22,2.709166181245694e-05
724,2024-09-23,3.8855626562486004e-05
725,2024-09-24,5.061959131251507e-05
726,2024-09-25,5.042473700693032e-05
727,2024-09-26,3.793071277868876e-05
728,2024-09-27,5.373050056126279e-05
729,2024-09-28,3.317441023311255e-05
730,2024-09-29,3.279389791862982e-05
731,2024-09-30,2.7711004990198155e-05
732,2024-10-01,2.1573949576729017e-05
733,2024-10-02,3.240458288334538e-05
734,2024-10-03,2.737614922807552e-05
735,2024-10-04,5.3868379382038256e-05
736,2024-10-05,3.40585553129465e-05
737,2024-10-06,2.2505272292099627e-05
738,2024-10-07,3.376839452227744e-05
739,2024-10-08,3.771182987942926e-05
740,2024-10-09,2.8035353556779043e-05
741,2024-10-10,2.767555184730053e-05
742,2024-10-11,1.679029185730485e-05
743,2024-10-12,2.4068243021702077e-05
744,2024-10-13,3.424881898202633e-05
745,2024-10-14,4.435689694067454e-05
746,2024-10-15,5.037304324311673e-05
747,2024-10-16,5.638918954555893e-05
748,2024-10-17,7.673132906922164e-05
749,2024-10-18,5.124979586634297e-05
750,2024-10-19,3.5874788024903824e-05
751,2024-10-20,1.8071494912763946e-05
752,2024-10-21,4.273093181285675e-05
753,2024-10-22,6.739036871294957e-05
754,2024-10-23,4.529552761061281e-05
755,2024-10-24,8.082768834035104e-05
756,2024-10-25,6.398677471545798e-05
757,2024-10-26,5.503318360903601e-05
758,2024-10-27,3.6248307192088725e-05
759,2024-10-28,5.309865866567836e-05
760,2024-10-29,3.6013414595951566e-05
761,2024-10-30,2.1905116051241246e-05
762,2024-10-31,4.535492819286446e-05
763,2024-11-01,3.2723082438224085e-05
764,2024-11-02,2.0091236683583703e-05
765,2024-11-03,2.3214426362709412e-05
766,2024-11-04,2.229126423778573e-05
767,2024-11-05,3.886567693760818e-05
768,2024-11-06,3.2444936086718295e-05
769,2024-11-07,4.591423044075782e-05
770,2024-11-08,3.052441440393688e-05
771,2024-11-09,4.692837150059859e-05
772,2024-11-10,4.3642842746294265e-05
773,2024-11-11,4.035731399198994e-05
774,2024-11-12,3.707146347901121e-05
775,2024-11-13,2.983196607750201e-05
776,2024-11-14,3.39966019816288e-05
777,2024-11-15,2.848410658822848e-05
778,2024-11-16,2.860314386428266e-05
779,2024-11-17,2.872218114033684e-05
780,2024-11-18,2.2405156823879224e-05
781,2024-11-19,3.1245805241104044e-05
782,2024-11-20,3.254343294732583e-05
783,2024-11-21,3.75567570976589e-05
784,2024-11-22,2.043606086358936e-05
785,2024-11-23,4.367240683980829e-05
786,2024-11-24,4.719481997502347e-05
787,2024-11-25,4.741980511526991e-05
788,2024-11-26,4.764479025551636e-05
789,2024-11-27,4.78697753957628e-05
790,2024-11-28,4.809476053600924e-05
791,2024-11-29,4.831974567625569e-05
792,2024-11-30,4.854473081650213e-05
793,2024-12-01,4.434721623787799e-05
794,2024-12-02,4.014970165925384e-05
795,2024-12-03,3.59521870806297e-05
796,2024-12-04,4.3883993569487345e-05
797,2024-12-05,5.1815800058345e-05
798,2024-12-06,5.0597481782056595e-05
799,2024-12-07,4.937916350576819e-05
800,2024-12-08,4.816084522947979e-05
801,2024-12-09,4.6942526953191394e-05
802,2024-12-10,4.572420867690299e-05
803,2024-12-11,4.450589040061459e-05
804,2024-12-12,4.4275980905453887e-05
805,2024-12-13,4.404607141029318e-05
806,2024-12-14,4.3816161915132474e-05
807,2024-12-15,4.3586252419971765e-05
808,2024-12-16,4.335634292481106e-05
809,2024-12-17,4.312643342965035e-05
810,2024-12-18,4.289652393448965e-05
811,2024-12-19,3.7291477946425966e-05
812,2024-12-20,4.345714842202142e-05
813,2024-12-21,5.371806643476399e-05
814,2024-12-22,5.0747705366423664e-05
815,2024-12-23,4.7777344298083337e-05
816,2024-12-24,4.4806983229743e-05
817,2024-12-25,4.1836622161402676e-05
818,2024-12-26,3.886626109306235e-05
819,2024-12-27,5.181692577025387e-05
820,2024-12-28,3.588541967474157e-05
821,2024-12-29,1.9953913579229265e-05
822,2024-12-30,4.517327925852788e-05
823,2024-12-31,4.267397954598501e-05
824,2025-01-01,4.0174679833442144e-05
825,2025-01-02,3.767538012089928e-05
826,2025-01-03,3.5176080408356416e-05
827,2025-01-04,4.792865876793041e-05
828,2025-01-05,6.06812371275044e-05
829,2025-01-06,7.343381548707839e-05
830,2025-01-07,5.875654157231717e-05
831,2025-01-08,4.4079267657555946e-05
832,2025-01-09,2.940199374279473e-05
833,2025-01-10,4.372424609755399e-05
834,2025-01-11,5.804649845231325e-05
835,2025-01-12,5.2497118031169523e-05
836,2025-01-13,4.69477376100258e-05
837,2025-01-14,4.139835718888208e-05
838,2025-01-15,3.5848976767738354e-05
839,2025-01-16,3.029959634659463e-05
840,2025-01-17,2.4750215925450905e-05
841,2025-01-18,4.137027488988159e-05
842,2025-01-19,4.007148180833264e-05
843,2025-01-20,3.4177281322843643e-05
844,2025-01-21,2.828308083735465e-05
845,2025-01-22,3.0095575482391727e-05
846,2025-01-23,3.19080701274288e-05
847,2025-01-24,3.372056477246588e-05
848,2025-01-25,3.5533059417502955e-05
849,2025-01-26,3.219154026131339e-05
850,2025-01-27,2.8850021105123837e-05
851,2025-01-28,2.5508501948934278e-05
852,2025-01-29,2.216698279274472e-05
853,2025-01-30,2.6125441763724663e-05
854,2025-01-31,3.0083900734704606e-05
855,2025-02-01,3.404235970568455e-05
856,2025-02-02,3.8000818676664494e-05
857,2025-02-03,3.775257511051677e-05
858,2025-02-04,3.750433154436905e-05
859,2025-02-05,3.297362601415443e-05
860,2025-02-06,2.8442920483939816e-05
861,2025-02-07,4.8426679103823306e-05
862,2025-02-08,3.568015813470993e-05
863,2025-02-09,3.254179829228734e-05
864,2025-02-10,2.9403438449864752e-05
865,2025-02-11,2.6265078607442167e-05
866,2025-02-12,4.122064362083369e-05
867,2025-02-13,4.004191650892608e-05
868,2025-02-14,3.751265624790297e-05
869,2025-02-15,3.498339598687986e-05
870,2025-02-16,2.534941684258008e-05
871,2025-02-17,3.2954361907410774e-05
872,2025-02-18,4.0559306972241465e-05
873,2025-02-19,4.816425203707216e-05
874,2025-02-20,5.6218994455105675e-05
875,2025-02-21,6.42737368731392e-05
876,2025-02-22,7.23284792911727e-05
877,2025-02-23,5.9805960394621734e-05
878,2025-02-24,4.728344149807077e-05
879,2025-02-25,3.4760922601519805e-05
880,2025-02-26,3.430319491152129e-05
881,2025-02-27,3.3845467221522775e-05
882,2025-02-28,5.947794973811445e-05
883,2025-03-01,3.001513206173614e-05
884,2025-03-02,2.908542761549049e-05
885,2025-03-03,2.9386064629854484e-05
886,2025-03-04,3.25192330592472e-05
887,2025-03-05,2.642273986974924e-05
888,2025-03-06,4.077462777526567e-05
889,2025-03-07,4.7522539898636754e-05
890,2025-03-08,3.639809074229561e-05
891,2025-03-09,5.823961146234069e-05
892,2025-03-10,8.008113218238577e-05
893,2025-03-11,4.338374487576259e-05
894,2025-03-12,7.463560460665677e-05
895,2025-03-13,6.581898102282408e-05
896,2025-03-14,5.700235743899139e-05
897,2025-03-15,4.818573385515871e-05
898,2025-03-16,4.6546265770707075e-05
899,2025-03-17,4.4906797686255435e-05
900,2025-03-18,4.32673296018038e-05
901,2025-03-19,3.660183994305464e-05
902,2025-03-20,2.993635028430548e-05
903,2025-03-21,2.3270860625556317e-05
904,2025-03-22,3.470813680905849e-05
905,2025-03-23,2.523364774889261e-05
906,2025-03-24,5.159229476703331e-05
907,2025-03-25,3.386536730734709e-05
908,2025-03-26,3.1359150047397375e-05
909,2025-03-27,5.432435881673536e-05
910,2025-03-28,4.824878305953462e-05
911,2025-03-29,4.205167839851735e-05
912,2025-03-30,3.585457373750008e-05
913,2025-03-31,2.9657469076482813e-05
914,2025-04-01,6.037257435309584e-05
915,2025-04-02,1.9399458172604984e-05
916,2025-04-03,3.007002692356764e-05
917,2025-04-04,4.074059567453029e-05
918,2025-04-05,4.1536614927198656e-05
919,2025-04-06,3.441534424971049e-05
920,2025-04-07,2.3878698993939906e-05
921,2025-04-08,2.0070304197575108e-05
922,2025-04-09,2.980950924238917e-05
923,2025-04-10,7.180699596133447e-05
924,2025-04-11,0.00011380448268027976
925,2025-04-12,1.5376134048411212e-05
926,2025-04-13,3.236057238395648e-05
927,2025-04-14,3.140473199891858e-05
928,2025-04-15,4.717460719153418e-05
929,2025-04-16,6.294448238414978e-05
930,2025-04-17,5.7619654297822206e-05
931,2025-04-18,5.6552186722708736e-05
932,2025-04-19,5.548471914759527e-05
933,2025-04-20,5.1379922216357144e-05
934,2025-04-21,4.727512528511903e-05
935,2025-04-22,4.3170328353880905e-05
936,2025-04-23,4.386363170851837e-05
937,2025-04-24,4.983739880252095e-05
938,2025-04-25,3.821332575171255e-05
939,2025-04-26,3.992317730687015e-05
940,2025-04-27,3.547149833593721e-05
941,2025-04-28,7.00788644583857e-05
942,2025-04-29,4.568639915886068e-05
943,2025-04-30,3.598067380561569e-05
944,2025-05-01,4.672556329191698e-05
945,2025-05-02,4.0070475431850506e-05
946,2025-05-03,3.341538757178403e-05
947,2025-05-04,2.92304608796703e-05
948,2025-05-05,3.219484592498665e-05
949,2025-05-06,3.932857862309902e-05
950,2025-05-07,3.3287594512578586e-05
951,2025-05-08,3.3914879192266334e-05
952,2025-05-09,3.454216387195409e-05
953,2025-05-10,3.5169448551641835e-05
954,2025-05-11,3.1637133274454666e-05
955,2025-05-12,3.3014784960306274e-05
956,2025-05-13,3.439243664615788e-05
957,2025-05-14,3.489554736998716e-05
958,2025-05-15,1.3672371096618008e-05
959,2025-05-16,4.527539655602344e-05
960,2025-05-17,3.212931412570853e-05
961,2025-05-18,2.449344193385179e-05
962,2025-05-19,3.9216330926003e-05
963,2025-05-20,5.0844861107179895e-05
964,2025-05-21,4.424434951033618e-05
965,2025-05-22,3.616217411315749e-05
966,2025-05-23,3.287482777252293e-05
967,2025-05-24,2.958748143188836e-05
968,2025-05-25,3.4666790109922126e-05
969,2025-05-26,3.9714881198978776e-05
970,2025-05-27,4.476297228803542e-05
971,2025-05-28,4.981106337709207e-05
972,2025-05-29,4.7293484735396654e-05
973,2025-05-30,4.118926672698067e-05
974,2025-05-31,2.8852065627558788e-05
975,2025-06-01,4.5921879636008154e-05
976,2025-06-02,6.299169364445753e-05
977,2025-06-03,3.0421633823607408e-05
978,2025-06-04,3.4779584930728115e-05
979,2025-06-05,4.4253055515080886e-05
980,2025-06-06,3.056122429314906e-05
981,2025-06-07,2.6640916887653125e-05
982,2025-06-08,2.272060948215719e-05
983,2025-06-09,2.7400627085394992e-05
984,2025-06-10,3.208064468863279e-05
985,2025-06-11,2.9047718039186698e-05
986,2025-06-12,2.6009138084791243e-05
987,2025-06-13,4.293043469982061e-05
988,2025-06-14,2.888520139094908e-05
989,2025-06-15,2.445453708564948e-05
990,2025-06-16,3.208463466661568e-05
991,2025-06-17,4.817901110352697e-05
992,2025-06-18,4.9490371566207614e-05
993,2025-06-19,4.5123816852392864e-05
994,2025-06-20,4.075726213857812e-05
995,2025-06-21,3.639070742476337e-05
996,2025-06-22,3.366519922565203e-05
997,2025-06-23,4.3206973211789246e-05
998,2025-06-24,4.169072378447579e-05
999,2025-06-25,4.730493154576314e-05
1000,2025-06-26,5.29191393070505e-05
1001,2025-06-27,1.8842069015552927e-05
1002,2025-06-28,2.267614429645922e-05
1003,2025-06-29,2.5395769038520186e-05
1004,2025-06-30,3.677763092319334e-05
1005,2025-07-01,2.992816756375305e-05
1006,2025-07-02,3.824719347752156e-05
1007,2025-07-03,4.705583148102556e-05
1008,2025-07-04,5.586446948452956e-05
1009,2025-07-05,3.819552979290496e-05
1010,2025-07-06,3.30877414905279e-05
1011,2025-07-07,2.797995318815083e-05
1012,2025-07-08,4.384775284285216e-05
1013,2025-07-09,6.825873775785018e-05
1014,2025-07-10,5.922844767762096e-05
1015,2025-07-11,3.6002430013987965e-05
1016,2025-07-12,2.3392356117729837e-05
1017,2025-07-13,1.0782282221471712e-05
1018,2025-07-14,5.337706135187839e-05
1019,2025-07-15,4.566192483528567e-05
1020,2025-07-16,4.498569265706464e-05
1021,2025-07-17,4.413948910361206e-05
1022,2025-07-18,3.744493211167038e-05
1023,2025-07-19,5.102107822424911e-05
1024,2025-07-20,4.8254451232626e-05
1025,2025-07-21,5.0882170891478985e-05
1026,2025-07-22,2.8522612560567373e-05
1027,2025-07-23,3.81690188836122e-05
1028,2025-07-24,4.341872751632933e-05
1029,2025-07-25,3.421846876960899e-05
1030,2025-07-26,3.043457698887713e-05
1031,2025-07-27,3.2195804216863344e-05
1032,2025-07-28,3.364932811362248e-05
1033,2025-07-29,3.741963350226537e-05
1034,2025-07-30,3.1863280552594614e-05
1035,2025-07-31,2.73452285872903e-05
1036,2025-08-01,2.1819578507326464e-05
1037,2025-08-02,2.538214766900637e-05
1038,2025-08-03,2.624967072158458e-05
1039,2025-08-04,4.633736419392091e-05
1040,2025-08-05,4.288953496143222e-05
1041,2025-08-06,4.109298743415479e-05
1042,2025-08-07,3.6881066483017227e-05
1043,2025-08-08,3.6652163287172975e-05
1044,2025-08-09,3.670443816283333e-05
1045,2025-08-10,3.968814699278326e-05
1046,2025-08-11,3.09797004818046e-05
1047,2025-08-12,3.929505538155577e-05
1048,2025-08-13,3.379923373358906e-05
1049,2025-08-14,3.610739804571495e-05
1050,2025-08-15,3.937638122843797e-05
1051,2025-08-16,5.24660480717715e-05
1052,2025-08-17,2.150830159092473e-05
1053,2025-08-18,2.2999535571323257e-05
1054,2025-08-19,1.902220633166421e-05
1055,2025-08-20,3.688354856768412e-05
1056,2025-08-21,5.474489080370404e-05
1057,2025-08-22,4.786975214615111e-05
1058,2025-08-23,3.61988700670012e-05
1059,2025-08-24,3.958348639798714e-05
1060,2025-08-25,4.9696055437844406e-05
1061,2025-08-26,6.508090793468743e-05
1062,2025-08-27,4.438652513272245e-05
1063,2025-08-28,3.686744436409379e-05
1064,2025-08-29,2.338235714205439e-05
1065,2025-08-30,3.705199040788492e-05
1066,2025-08-31,2.046774654647581e-05
1067,2025-09-01,2.1632998920852383e-05
1068,2025-09-02,1.671734698015271e-05
1069,2025-09-03,2.1052486398990107e-05
1070,2025-09-04,2.4104659563276304e-05
1071,2025-09-05,3.48694367205145e-05
1072,2025-09-06,2.723905364339436e-05
1073,2025-09-07,6.096002080842785e-05
1074,2025-09-08,5.539007774628276e-05
1075,2025-09-09,4.181585209153127e-05
1076,2025-09-10,3.815101346940777e-05
1077,2025-09-11,2.750853766011293e-05
1078,2025-09-12,3.4742182871620266e-05
1079,2025-09-13,3.9271687659938646e-05
1080,2025-09-14,3.516392640217128e-05
1081,2025-09-15,4.312694233833879e-05
1082,2025-09-16,4.880701957377963e-05
1083,2025-09-17,5.71173486605403e-05
1084,2025-09-18,3.374877487658523e-05
1085,2025-09-19,2.121064609262211e-05
1086,2025-09-20,2.851470119208517e-05
1087,2025-09-21,3.0788909735628806e-05
1088,2025-09-22,2.900177577203067e-05
1089,2025-09-23,7.259277852729913e-05
1090,2025-09-24,6.54348608887548e-05
1091,2025-09-25,2.6470949504129045e-05
1092,2025-09-26,2.971072351973984e-05
1093,2025-09-27,3.605677920859307e-05
1094,2025-09-28,1.5286883974378423e-05
1095,2025-09-29,3.055921223101311e-05
1096,2025-09-30,1.3867466179817711e-05
